[{"model": "sessions.session", "pk": "kba0n2wl5zptq4cpt2l39pmj6e948p25", "fields": {"session_data": ".eJxVjEEOwiAQRe_C2pAZQQou3XsGMgODVA1NSrsy3l2bdKHb_977LxVpXWpcu8xxzOqsUB1-N6b0kLaBfKd2m3Sa2jKPrDdF77Tr65Tledndv4NKvX7rJALoTQE2HrwjKWSoOGtRhEpAGIJNYE6cikWwyAMTQgB39Ikte_X-APApN-U:1ptVV8:yJRHU-cXt4yYeun7O7q4jSnNxCiM8sbk_Tlz1of1ZSo", "expire_date": "2023-05-15T15:31:42.542Z"}}, {"model": "UWEFlix.cinemamanager", "pk": 1, "fields": {"user": 5, "expiration_date": null}}, {"model": "UWEFlix.employee", "pk": 1, "fields": {"user": 21}}, {"model": "UWEFlix.student", "pk": 1, "fields": {"user": 3, "birth_date": "2023-04-04", "card_details": null}}, {"model": "UWEFlix.student", "pk": 2, "fields": {"user": 1, "birth_date": null, "card_details": null}}, {"model": "UWEFlix.student", "pk": 3, "fields": {"user": 6, "birth_date": "2023-04-04", "card_details": null}}, {"model": "UWEFlix.student", "pk": 4, "fields": {"user": 8, "birth_date": "2022-06-08", "card_details": null}}, {"model": "UWEFlix.student", "pk": 5, "fields": {"user": 9, "birth_date": "2022-06-08", "card_details": null}}, {"model": "UWEFlix.student", "pk": 6, "fields": {"user": 10, "birth_date": "2022-06-08", "card_details": null}}, {"model": "UWEFlix.student", "pk": 7, "fields": {"user": 11, "birth_date": "2022-06-08", "card_details": null}}, {"model": "UWEFlix.student", "pk": 8, "fields": {"user": 12, "birth_date": "2022-06-08", "card_details": null}}, {"model": "UWEFlix.student", "pk": 9, "fields": {"user": 13, "birth_date": "2023-05-02", "card_details": null}}, {"model": "UWEFlix.student", "pk": 10, "fields": {"user": 14, "birth_date": "2023-05-02", "card_details": null}}, {"model": "UWEFlix.student", "pk": 11, "fields": {"user": 22, "birth_date": "2000-08-24", "card_details": null}}, {"model": "UWEFlix.student", "pk": 12, "fields": {"user": 5, "birth_date": null, "card_details": null}}, {"model": "UWEFlix.film", "pk": 1, "fields": {"title": "spiderman", "age_rating": 10, "duration": "103.26", "short_trailer_description": "gerthwrethwrtjwryjtryjywtrjtey", "is_active": false}}, {"model": "UWEFlix.film", "pk": 2, "fields": {"title": "spiderman 2", "age_rating": 12, "duration": "183.26", "short_trailer_description": "gerthwrethwrtjwryjtryjywtrjtey", "is_active": true}}, {"model": "UWEFlix.film", "pk": 3, "fields": {"title": "film 3", "age_rating": 14, "duration": "14.35", "short_trailer_description": "trying to delete", "is_active": true}}, {"model": "UWEFlix.filmimage", "pk": 1, "fields": {"film": 1, "image": "cinema/images/IMG_7259_uIVhFt1.jpg"}}, {"model": "UWEFlix.filmimage", "pk": 2, "fields": {"film": 2, "image": "cinema/images/download.jpg"}}, {"model": "UWEFlix.filmimage", "pk": 3, "fields": {"film": 2, "image": "cinema/images/spidermannowayhome_P2lPvcJ.jpg"}}, {"model": "UWEFlix.filmimage", "pk": 4, "fields": {"film": 3, "image": "cinema/images/download.png"}}, {"model": "UWEFlix.screen", "pk": 1, "fields": {"screen_name": "1", "capacity": 100}}, {"model": "UWEFlix.screen", "pk": 2, "fields": {"screen_name": "2", "capacity": 150}}, {"model": "UWEFlix.screen", "pk": 3, "fields": {"screen_name": "3", "capacity": 800}}, {"model": "UWEFlix.price", "pk": 1, "fields": {"child": "10.00", "student": "5.00", "adult": "15.00"}}, {"model": "UWEFlix.price", "pk": 2, "fields": {"child": "10.00", "student": "50.00", "adult": "15.00"}}, {"model": "UWEFlix.price", "pk": 3, "fields": {"child": "3.00", "student": "1.00", "adult": "2.00"}}, {"model": "UWEFlix.price", "pk": 4, "fields": {"child": "2.00", "student": "5.00", "adult": "10.00"}}, {"model": "UWEFlix.price", "pk": 5, "fields": {"child": "3.00", "student": "1.00", "adult": "2.00"}}, {"model": "UWEFlix.price", "pk": 6, "fields": {"child": "2.00", "student": "3.00", "adult": "6.00"}}, {"model": "UWEFlix.showing", "pk": 1, "fields": {"screen": 1, "film": 1, "showing_date": null, "showing_time": "22:51:00", "tickets_sold": -10, "price": 1}}, {"model": "UWEFlix.showing", "pk": 2, "fields": {"screen": 2, "film": 2, "showing_date": "2023-05-06", "showing_time": "00:53:00", "tickets_sold": 146, "price": 2}}, {"model": "UWEFlix.showing", "pk": 3, "fields": {"screen": 1, "film": 1, "showing_date": "2023-04-29", "showing_time": "18:42:00", "tickets_sold": 91, "price": 3}}, {"model": "UWEFlix.showing", "pk": 4, "fields": {"screen": 2, "film": 2, "showing_date": "2023-11-22", "showing_time": "18:01:00", "tickets_sold": 70, "price": 4}}, {"model": "UWEFlix.showing", "pk": 5, "fields": {"screen": 2, "film": 3, "showing_date": "2023-05-19", "showing_time": "14:41:00", "tickets_sold": 150, "price": 5}}, {"model": "UWEFlix.showing", "pk": 6, "fields": {"screen": 3, "film": 2, "showing_date": "2023-07-21", "showing_time": "19:00:00", "tickets_sold": 62, "price": 6}}, {"model": "UWEFlix.order", "pk": 1, "fields": {"placed_at": "2023-04-14T00:56:46.893Z", "payment_status": "P", "student": 2, "is_active": true, "cancellation_request": false}}, {"model": "UWEFlix.order", "pk": 2, "fields": {"placed_at": "2023-04-24T19:29:40.855Z", "payment_status": "P", "student": 2, "is_active": true, "cancellation_request": false}}, {"model": "UWEFlix.order", "pk": 3, "fields": {"placed_at": "2023-04-26T09:13:39.218Z", "payment_status": "P", "student": 2, "is_active": true, "cancellation_request": false}}, {"model": "UWEFlix.order", "pk": 4, "fields": {"placed_at": "2023-04-26T09:14:09.873Z", "payment_status": "P", "student": 2, "is_active": true, "cancellation_request": false}}, {"model": "UWEFlix.order", "pk": 5, "fields": {"placed_at": "2023-04-26T09:48:04.383Z", "payment_status": "P", "student": 2, "is_active": true, "cancellation_request": false}}, {"model": "UWEFlix.order", "pk": 6, "fields": {"placed_at": "2023-04-29T16:33:11.865Z", "payment_status": "P", "student": null, "is_active": true, "cancellation_request": false}}, {"model": "UWEFlix.order", "pk": 7, "fields": {"placed_at": "2023-04-29T16:48:16.147Z", "payment_status": "P", "student": null, "is_active": true, "cancellation_request": false}}, {"model": "UWEFlix.order", "pk": 8, "fields": {"placed_at": "2023-05-02T14:59:07.771Z", "payment_status": "P", "student": null, "is_active": true, "cancellation_request": false}}, {"model": "UWEFlix.order", "pk": 9, "fields": {"placed_at": "2023-05-03T21:03:47.194Z", "payment_status": "P", "student": null, "is_active": true, "cancellation_request": false}}, {"model": "UWEFlix.order", "pk": 10, "fields": {"placed_at": "2023-05-03T21:06:00.481Z", "payment_status": "P", "student": null, "is_active": true, "cancellation_request": false}}, {"model": "UWEFlix.order", "pk": 11, "fields": {"placed_at": "2023-05-03T21:08:03.500Z", "payment_status": "P", "student": null, "is_active": true, "cancellation_request": false}}, {"model": "UWEFlix.order", "pk": 12, "fields": {"placed_at": "2023-05-03T21:09:15.428Z", "payment_status": "P", "student": null, "is_active": true, "cancellation_request": false}}, {"model": "UWEFlix.order", "pk": 13, "fields": {"placed_at": "2023-05-03T21:15:08.454Z", "payment_status": "P", "student": null, "is_active": true, "cancellation_request": false}}, {"model": "UWEFlix.order", "pk": 14, "fields": {"placed_at": "2023-05-03T21:18:27.885Z", "payment_status": "P", "student": 3, "is_active": false, "cancellation_request": true}}, {"model": "UWEFlix.order", "pk": 15, "fields": {"placed_at": "2023-05-03T21:34:09.145Z", "payment_status": "P", "student": 3, "is_active": true, "cancellation_request": false}}, {"model": "UWEFlix.order", "pk": 16, "fields": {"placed_at": "2023-05-03T21:35:34.878Z", "payment_status": "P", "student": 3, "is_active": true, "cancellation_request": false}}, {"model": "UWEFlix.order", "pk": 17, "fields": {"placed_at": "2023-05-03T21:36:22.536Z", "payment_status": "P", "student": 3, "is_active": true, "cancellation_request": false}}, {"model": "UWEFlix.order", "pk": 18, "fields": {"placed_at": "2023-05-03T21:37:08.288Z", "payment_status": "P", "student": 3, "is_active": true, "cancellation_request": false}}, {"model": "UWEFlix.order", "pk": 19, "fields": {"placed_at": "2023-05-03T21:55:21.625Z", "payment_status": "P", "student": 3, "is_active": true, "cancellation_request": false}}, {"model": "UWEFlix.order", "pk": 20, "fields": {"placed_at": "2023-05-03T21:59:15.460Z", "payment_status": "P", "student": 3, "is_active": true, "cancellation_request": false}}, {"model": "UWEFlix.order", "pk": 21, "fields": {"placed_at": "2023-05-03T22:01:06.726Z", "payment_status": "P", "student": 3, "is_active": true, "cancellation_request": false}}, {"model": "UWEFlix.order", "pk": 22, "fields": {"placed_at": "2023-05-04T19:01:00.752Z", "payment_status": "P", "student": 3, "is_active": true, "cancellation_request": false}}, {"model": "UWEFlix.order", "pk": 23, "fields": {"placed_at": "2023-05-04T19:03:16.811Z", "payment_status": "P", "student": 3, "is_active": false, "cancellation_request": true}}, {"model": "UWEFlix.order", "pk": 24, "fields": {"placed_at": "2023-05-08T20:14:58.914Z", "payment_status": "P", "student": 12, "is_active": true, "cancellation_request": false}}, {"model": "UWEFlix.order", "pk": 25, "fields": {"placed_at": "2023-05-08T20:20:32.021Z", "payment_status": "P", "student": 12, "is_active": true, "cancellation_request": false}}, {"model": "UWEFlix.orderitem", "pk": 1, "fields": {"order": 1, "showing": 1, "ticket_type": "A", "quantity": 4}}, {"model": "UWEFlix.orderitem", "pk": 2, "fields": {"order": 2, "showing": 3, "ticket_type": "S", "quantity": 100}}, {"model": "UWEFlix.orderitem", "pk": 3, "fields": {"order": 3, "showing": 2, "ticket_type": "S", "quantity": 61}}, {"model": "UWEFlix.orderitem", "pk": 4, "fields": {"order": 4, "showing": 2, "ticket_type": "S", "quantity": 50}}, {"model": "UWEFlix.orderitem", "pk": 5, "fields": {"order": 5, "showing": 2, "ticket_type": "S", "quantity": 25}}, {"model": "UWEFlix.orderitem", "pk": 6, "fields": {"order": 6, "showing": 3, "ticket_type": "A", "quantity": 1}}, {"model": "UWEFlix.orderitem", "pk": 7, "fields": {"order": 7, "showing": 3, "ticket_type": "A", "quantity": 4}}, {"model": "UWEFlix.orderitem", "pk": 8, "fields": {"order": 8, "showing": 4, "ticket_type": "S", "quantity": 10}}, {"model": "UWEFlix.orderitem", "pk": 9, "fields": {"order": 9, "showing": 4, "ticket_type": "S", "quantity": 10}}, {"model": "UWEFlix.orderitem", "pk": 10, "fields": {"order": 9, "showing": 4, "ticket_type": "A", "quantity": 2}}, {"model": "UWEFlix.orderitem", "pk": 11, "fields": {"order": 10, "showing": 4, "ticket_type": "S", "quantity": 2}}, {"model": "UWEFlix.orderitem", "pk": 12, "fields": {"order": 11, "showing": 4, "ticket_type": "S", "quantity": 1}}, {"model": "UWEFlix.orderitem", "pk": 13, "fields": {"order": 12, "showing": 4, "ticket_type": "S", "quantity": 1}}, {"model": "UWEFlix.orderitem", "pk": 14, "fields": {"order": 13, "showing": 4, "ticket_type": "S", "quantity": 1}}, {"model": "UWEFlix.orderitem", "pk": 15, "fields": {"order": 14, "showing": 4, "ticket_type": "S", "quantity": 1}}, {"model": "UWEFlix.orderitem", "pk": 16, "fields": {"order": 15, "showing": 4, "ticket_type": "S", "quantity": 1}}, {"model": "UWEFlix.orderitem", "pk": 17, "fields": {"order": 16, "showing": 4, "ticket_type": "S", "quantity": 1}}, {"model": "UWEFlix.orderitem", "pk": 18, "fields": {"order": 17, "showing": 4, "ticket_type": "S", "quantity": 1}}, {"model": "UWEFlix.orderitem", "pk": 19, "fields": {"order": 18, "showing": 4, "ticket_type": "S", "quantity": 1}}, {"model": "UWEFlix.orderitem", "pk": 20, "fields": {"order": 19, "showing": 4, "ticket_type": "S", "quantity": 2}}, {"model": "UWEFlix.orderitem", "pk": 21, "fields": {"order": 20, "showing": 4, "ticket_type": "S", "quantity": 12}}, {"model": "UWEFlix.orderitem", "pk": 22, "fields": {"order": 21, "showing": 4, "ticket_type": "S", "quantity": 10}}, {"model": "UWEFlix.orderitem", "pk": 23, "fields": {"order": 22, "showing": 4, "ticket_type": "S", "quantity": 2}}, {"model": "UWEFlix.orderitem", "pk": 24, "fields": {"order": 22, "showing": 4, "ticket_type": "A", "quantity": 8}}, {"model": "UWEFlix.orderitem", "pk": 25, "fields": {"order": 23, "showing": 4, "ticket_type": "S", "quantity": 1}}, {"model": "UWEFlix.orderitem", "pk": 26, "fields": {"order": 23, "showing": 4, "ticket_type": "C", "quantity": 2}}, {"model": "UWEFlix.orderitem", "pk": 27, "fields": {"order": 23, "showing": 4, "ticket_type": "A", "quantity": 6}}, {"model": "UWEFlix.orderitem", "pk": 28, "fields": {"order": 24, "showing": 6, "ticket_type": "S", "quantity": 4}}, {"model": "UWEFlix.orderitem", "pk": 29, "fields": {"order": 25, "showing": 6, "ticket_type": "S", "quantity": 4}}, {"model": "UWEFlix.ordercancellationrequest", "pk": 1, "fields": {"cancellation_status": "A", "order": 14, "placed_at": "2023-05-07"}}, {"model": "UWEFlix.ordercancellationrequest", "pk": 2, "fields": {"cancellation_status": "A", "order": 23, "placed_at": "2023-05-07"}}, {"model": "UWEFlix.booking", "pk": "13f993f2-8f23-45e7-8cd2-6dcaf0271b50", "fields": {"created_at": "2023-04-24"}}, {"model": "UWEFlix.booking", "pk": "31ce7749-7c1f-43e2-9ed6-d2b91c71fdab", "fields": {"created_at": "2023-04-18"}}, {"model": "UWEFlix.booking", "pk": "428993c5-f20c-47e5-adbb-c9bad4288c19", "fields": {"created_at": "2023-04-26"}}, {"model": "UWEFlix.booking", "pk": "edbc10c0-2875-4997-a2c5-c4015109fb0e", "fields": {"created_at": "2023-04-24"}}, {"model": "UWEFlix.booking", "pk": "f2d543dc-22c7-4e3d-9acb-0033d83a2da0", "fields": {"created_at": "2023-05-06"}}, {"model": "UWEFlix.booking", "pk": "f7b1ae6c-6509-4685-8e6f-900fa7f562c7", "fields": {"created_at": "2023-04-26"}}, {"model": "UWEFlix.bookingitem", "pk": 2, "fields": {"booking": "edbc10c0-2875-4997-a2c5-c4015109fb0e", "ticket_type": "S", "quantity": 400, "showing": 2}}, {"model": "UWEFlix.bookingitem", "pk": 3, "fields": {"booking": "edbc10c0-2875-4997-a2c5-c4015109fb0e", "ticket_type": "A", "quantity": 200, "showing": 2}}, {"model": "UWEFlix.bookingitem", "pk": 4, "fields": {"booking": "13f993f2-8f23-45e7-8cd2-6dcaf0271b50", "ticket_type": "S", "quantity": 505, "showing": 3}}, {"model": "UWEFlix.bookingitem", "pk": 9, "fields": {"booking": "f7b1ae6c-6509-4685-8e6f-900fa7f562c7", "ticket_type": "S", "quantity": 25, "showing": 2}}, {"model": "UWEFlix.bookingitem", "pk": 32, "fields": {"booking": "f2d543dc-22c7-4e3d-9acb-0033d83a2da0", "ticket_type": "C", "quantity": 1, "showing": 5}}, {"model": "authenticate.user", "pk": 1, "fields": {"password": "pbkdf2_sha256$390000$4fyA88RAlLE8eiauIRAhc9$mG5vZ/xGGDSwr+R4LPcm17v8jjOZkHiw6izR9+drB8s=", "last_login": "2023-05-01T15:31:42.499Z", "is_superuser": true, "username": "admin", "first_name": "", "last_name": "", "is_staff": true, "is_active": true, "date_joined": "2023-04-13T16:44:43.365Z", "email": "admin@domain.com", "groups": [], "user_permissions": []}}, {"model": "authenticate.user", "pk": 2, "fields": {"password": "pbkdf2_sha256$390000$ZXR78knJRgzWBpZhyryqoO$NQBw5vwzsx5SHsNiFuDD0p0Z1AMobWWlGoXNQdWyjXo=", "last_login": null, "is_superuser": false, "username": "358673", "first_name": "jonm", "last_name": "smith", "is_staff": false, "is_active": true, "date_joined": "2023-04-14T00:26:45.021Z", "email": "jon.smith@domain.com", "groups": [], "user_permissions": []}}, {"model": "authenticate.user", "pk": 3, "fields": {"password": "pbkdf2_sha256$390000$0sYQYd2CSxeGcsCRiMiGG4$7vS/lNRqf2dQmSRoMO9VT4BlwdNysGnm6irvaamlQkc=", "last_login": null, "is_superuser": false, "username": "student", "first_name": "james", "last_name": "tuck", "is_staff": false, "is_active": true, "date_joined": "2023-04-14T00:55:40.811Z", "email": "james.t@doamin.com", "groups": [], "user_permissions": []}}, {"model": "authenticate.user", "pk": 4, "fields": {"password": "pbkdf2_sha256$390000$zUBZkyjIBZvSfikWTc1F1L$LqVq+4NyrznbeFD3oBYP/uxiaGxVIPmofRQYr2RCiSo=", "last_login": null, "is_superuser": false, "username": "cinema", "first_name": "cinema", "last_name": "manager", "is_staff": false, "is_active": true, "date_joined": "2023-04-27T13:39:14.912Z", "email": "cinema.manager@domain.com", "groups": [], "user_permissions": []}}, {"model": "authenticate.user", "pk": 5, "fields": {"password": "pbkdf2_sha256$390000$PwGuQClD2zut1Po2yLaEG0$hOYwhtie8oFjLCCJh2z+y7odHqpJqzyJ9RuAe3npvaE=", "last_login": null, "is_superuser": false, "username": "cinema1", "first_name": "cinema1", "last_name": "manager", "is_staff": false, "is_active": true, "date_joined": "2023-04-27T13:41:59.946Z", "email": "cinema1.manager@domain.com", "groups": [], "user_permissions": []}}, {"model": "authenticate.user", "pk": 6, "fields": {"password": "pbkdf2_sha256$390000$Pk7PCkFKeaskxQocBENRtI$MbWeUOnkt2bztqoEQLE8dUDcoE43A7rU55XCuST1l04=", "last_login": null, "is_superuser": false, "username": "frammy.jenkins", "first_name": "frammy", "last_name": "jenkins", "is_staff": false, "is_active": true, "date_joined": "2023-04-29T17:38:57.325Z", "email": "frammy.jenkins@icloud.com", "groups": [], "user_permissions": []}}, {"model": "authenticate.user", "pk": 7, "fields": {"password": "pbkdf2_sha256$390000$05LmbJ6KRBfk4rpVkp4f8U$1dCeGaQSNrZDO5PIaHcZMZgJlRaxvI0Blx6xaaEDfi4=", "last_login": null, "is_superuser": false, "username": "accountmanager", "first_name": "account", "last_name": "mna", "is_staff": false, "is_active": true, "date_joined": "2023-04-30T15:47:25.454Z", "email": "account.am@gmail.com", "groups": [], "user_permissions": []}}, {"model": "authenticate.user", "pk": 8, "fields": {"password": "pbkdf2_sha256$390000$G8G8mc5ILGcbSYyz0CDYju$RX3wAeuRvk1Vf/5rvHbN9nsOkx+fLgziqkZz/CU4f48=", "last_login": null, "is_superuser": false, "username": "luca.pike", "first_name": "Luca", "last_name": "Pike", "is_staff": false, "is_active": true, "date_joined": "2023-05-03T10:42:41.218Z", "email": "lucapike@domain.com", "groups": [], "user_permissions": []}}, {"model": "authenticate.user", "pk": 9, "fields": {"password": "pbkdf2_sha256$390000$LjfMCcthRrVlfF8k3DsBUT$hZuBP+2FRpHerc1/EcFbPXQ0FbBONwbfbDpCAdhWvAY=", "last_login": null, "is_superuser": false, "username": "luca.pike1", "first_name": "Luca", "last_name": "Pike", "is_staff": false, "is_active": true, "date_joined": "2023-05-03T10:44:45.485Z", "email": "luca.pike1@domain.com", "groups": [], "user_permissions": []}}, {"model": "authenticate.user", "pk": 10, "fields": {"password": "pbkdf2_sha256$390000$eknrpcTl3tzTpswLWqWgWA$qUeJvzuyJqsVdcesiy3T4u6i43JVTWi4jnnRDb9PhMs=", "last_login": null, "is_superuser": false, "username": "luca.pike2", "first_name": "Luca", "last_name": "Pike", "is_staff": false, "is_active": true, "date_joined": "2023-05-03T10:46:31.320Z", "email": "luca.pike2@domain.com", "groups": [], "user_permissions": []}}, {"model": "authenticate.user", "pk": 11, "fields": {"password": "pbkdf2_sha256$390000$1a5nE7cN29ZIjWm3Hrw0vF$MRh+QIizz13Mw78HiA2uhP4DtrjUkIpJeiMJBWg78+Y=", "last_login": null, "is_superuser": false, "username": "luca.pike3", "first_name": "Luca", "last_name": "Pike", "is_staff": false, "is_active": true, "date_joined": "2023-05-03T10:49:22.745Z", "email": "luca.pike3@domain.com", "groups": [], "user_permissions": []}}, {"model": "authenticate.user", "pk": 12, "fields": {"password": "pbkdf2_sha256$390000$R9MqAEjFPUFutZ17pb8HTe$9tseb5ZFNryRFjnQ1DYoAbYa7zeI7Q+U8CYG7BfJ+IE=", "last_login": null, "is_superuser": false, "username": "luca.pike4", "first_name": "Luca", "last_name": "Pike", "is_staff": false, "is_active": true, "date_joined": "2023-05-03T10:53:55.047Z", "email": "luca.pike4@domain.com", "groups": [], "user_permissions": []}}, {"model": "authenticate.user", "pk": 13, "fields": {"password": "pbkdf2_sha256$390000$R4QWdx8ueWAQKrRumcqmkh$l4E88h1pooZIwxhBOhl4y4/jtQ4kuF+luD7ZaQk4mEM=", "last_login": null, "is_superuser": false, "username": "luca.pike5", "first_name": "luca", "last_name": "pike", "is_staff": false, "is_active": true, "date_joined": "2023-05-03T18:18:47.801Z", "email": "luca.pike7@gmail.com", "groups": [], "user_permissions": []}}, {"model": "authenticate.user", "pk": 14, "fields": {"password": "pbkdf2_sha256$390000$zY9jbj2K7kgFJ5ehoDnYM3$/Vq4C5+Cj8l8BAE7x5szVcn5i4B6xgNTKE+OIPQnPk4=", "last_login": null, "is_superuser": false, "username": "sam.parchao", "first_name": "sam", "last_name": "parchao", "is_staff": false, "is_active": true, "date_joined": "2023-05-03T20:07:06.381Z", "email": "sam.parchao@domain.com", "groups": [], "user_permissions": []}}, {"model": "authenticate.user", "pk": 15, "fields": {"password": "pbkdf2_sha256$390000$UqC3oBgCZZVPOxoWaggy1E$mEO5u4Vda0ZzM7Infyst4YicAHhGWs81ehLNnXB0uSo=", "last_login": null, "is_superuser": false, "username": "131921", "first_name": "john", "last_name": "alexis", "is_staff": false, "is_active": true, "date_joined": "2023-05-05T16:00:39.339Z", "email": "john.aleixs@domain.com", "groups": [], "user_permissions": []}}, {"model": "authenticate.user", "pk": 16, "fields": {"password": "pbkdf2_sha256$390000$sfbo58znp59cLZRVoPki6N$CDFFoxKUqc1HrAPusOXbeY48jtTsP7K2WEkpam5nyoA=", "last_login": null, "is_superuser": false, "username": "166979", "first_name": "ryan", "last_name": "ingham", "is_staff": false, "is_active": true, "date_joined": "2023-05-05T16:05:18.096Z", "email": "r.i@domain.com", "groups": [], "user_permissions": []}}, {"model": "authenticate.user", "pk": 17, "fields": {"password": "pbkdf2_sha256$390000$BngwdMUWxd81IpH4A7x34R$pKg4WDG3QctMtgB+x/PYOrtMBkRxfjm8YPoGnk7yPTY=", "last_login": null, "is_superuser": false, "username": "329874", "first_name": "ryan", "last_name": "ingham", "is_staff": false, "is_active": true, "date_joined": "2023-05-05T16:08:53.632Z", "email": "ryan.i@domain.com", "groups": [], "user_permissions": []}}, {"model": "authenticate.user", "pk": 18, "fields": {"password": "pbkdf2_sha256$390000$IsQXw2IF2YSRvT2RH88JKY$sSkGKhzovEg6XNeaQg4eSKu3DNhkTlDzfvERBVkmzSk=", "last_login": null, "is_superuser": false, "username": "853620", "first_name": "sam", "last_name": "johnson", "is_staff": false, "is_active": true, "date_joined": "2023-05-05T16:09:57.093Z", "email": "s.j@domain.com", "groups": [], "user_permissions": []}}, {"model": "authenticate.user", "pk": 19, "fields": {"password": "pbkdf2_sha256$390000$xkyiENGjMgm2AiRou90NQ8$GgKhoP1Ah07Amgke5o9ZrXZoNOcea0M4aD9YvpyO8iM=", "last_login": null, "is_superuser": false, "username": "502004", "first_name": "bjo", "last_name": "ojb", "is_staff": false, "is_active": true, "date_joined": "2023-05-05T16:14:18.699Z", "email": "boj@domain.com", "groups": [], "user_permissions": []}}, {"model": "authenticate.user", "pk": 20, "fields": {"password": "pbkdf2_sha256$390000$W9s6ANMxMeRgWCHlB1VtvP$CBSrpvZngGY7FganHTMqTTzgo2J1wkMDRuEX9ItqHeM=", "last_login": null, "is_superuser": false, "username": "131308", "first_name": "emily", "last_name": "jones", "is_staff": false, "is_active": true, "date_joined": "2023-05-05T16:20:04.015Z", "email": "e.j@domain.com", "groups": [], "user_permissions": []}}, {"model": "authenticate.user", "pk": 21, "fields": {"password": "pbkdf2_sha256$390000$zOlbsnDeItuNJ6znR9V1C0$xxicMb66PC44/Y756o3gIQR7EmNdidubajMFS6UTQgY=", "last_login": null, "is_superuser": false, "username": "employee", "first_name": "emp", "last_name": "loyee", "is_staff": false, "is_active": true, "date_joined": "2023-05-05T18:51:20.189Z", "email": "employee@domain.com", "groups": [], "user_permissions": []}}, {"model": "authenticate.user", "pk": 22, "fields": {"password": "pbkdf2_sha256$390000$O0el3uzpaVoFuo3bb8vxGP$oaoW3+GiUWw2FNVNtoEi9oUhpK/F4uZ0M56/uGAVDAc=", "last_login": null, "is_superuser": false, "username": "aa", "first_name": "aa", "last_name": "a", "is_staff": false, "is_active": true, "date_joined": "2023-05-06T16:10:44.513Z", "email": "a@gmail.com", "groups": [], "user_permissions": []}}, {"model": "club.address", "pk": 1, "fields": {"street_number": "32", "street": "filton", "city": "bristol", "post_code": "bs347au"}}, {"model": "club.address", "pk": 2, "fields": {"street_number": "5436", "street": "gerwhrwth", "city": "wtrhrtyjtey", "post_code": "erytjrje"}}, {"model": "club.contactdetails", "pk": 1, "fields": {"landline_number": "3542356436", "mobile_number": "3463546456", "club_email": "club1@domain.com"}}, {"model": "club.contactdetails", "pk": 2, "fields": {"landline_number": "463456", "mobile_number": "364576", "club_email": "sgtrhrweth@domain.com"}}, {"model": "club.club", "pk": 1, "fields": {"name": "club 1", "address": 1, "contact_details": 1, "club_number": 6}}, {"model": "club.club", "pk": 2, "fields": {"name": "club 2", "address": 2, "contact_details": 2, "club_number": 5}}, {"model": "club.clubrepresentative", "pk": 1, "fields": {"user": 2, "date_of_birth": "2023-03-30", "club": 1}}, {"model": "club.clubrepresentative", "pk": 7, "fields": {"user": 20, "date_of_birth": "2023-05-03", "club": 2}}, {"model": "club.paymmentdetails", "pk": 1, "fields": {"card_name": "club 1 card name", "card_number": "57658759875798", "expiry_date": "2023-11-04"}}, {"model": "club.account", "pk": 1, "fields": {"club": 1, "account_title": "club 1", "payment_details": 1, "discount_rate": "50.00", "account_number": "351803", "account_balance": "671.00"}}, {"model": "club.credit", "pk": 1, "fields": {"account": 1, "amount": "5.00", "placed_at": "2023-04-14T00:43:25.098Z"}}, {"model": "club.credit", "pk": 2, "fields": {"account": 1, "amount": "1.00", "placed_at": "2023-04-16T20:59:36.473Z"}}, {"model": "club.credit", "pk": 3, "fields": {"account": 1, "amount": "1.00", "placed_at": "2023-04-16T21:13:25.534Z"}}, {"model": "club.credit", "pk": 4, "fields": {"account": 1, "amount": "1.00", "placed_at": "2023-04-16T21:19:06.357Z"}}, {"model": "club.credit", "pk": 5, "fields": {"account": 1, "amount": "1.00", "placed_at": "2023-04-16T21:19:29.060Z"}}, {"model": "club.credit", "pk": 6, "fields": {"account": 1, "amount": "1.00", "placed_at": "2023-04-16T21:19:51.368Z"}}, {"model": "club.credit", "pk": 7, "fields": {"account": 1, "amount": "1.00", "placed_at": "2023-04-16T21:21:29.845Z"}}, {"model": "club.credit", "pk": 8, "fields": {"account": 1, "amount": "1.00", "placed_at": "2023-04-16T21:27:15.758Z"}}, {"model": "club.discountrequest", "pk": 1, "fields": {"request_status": "A", "placed_at": "2023-05-06T18:43:26.643Z", "account": 1, "amount": "10.00"}}, {"model": "club.discountrequest", "pk": 2, "fields": {"request_status": "A", "placed_at": "2023-05-06T18:57:23.010Z", "account": 1, "amount": "50.00"}}, {"model": "club.accountmanager", "pk": 1, "fields": {"user": 7}}, {"model": "club.cluborder", "pk": 1, "fields": {"placed_at": "2023-04-14T00:32:19.005Z", "payment_status": "P", "account": 1, "is_active": false, "cancellation_request": true, "total_paid": "1.00"}}, {"model": "club.cluborder", "pk": 2, "fields": {"placed_at": "2023-04-14T00:34:33.214Z", "payment_status": "P", "account": 1, "is_active": true, "cancellation_request": false, "total_paid": "1.00"}}, {"model": "club.cluborder", "pk": 3, "fields": {"placed_at": "2023-04-26T21:23:40.092Z", "payment_status": "P", "account": 1, "is_active": true, "cancellation_request": false, "total_paid": "1.00"}}, {"model": "club.cluborder", "pk": 4, "fields": {"placed_at": "2023-04-26T22:10:34.156Z", "payment_status": "P", "account": 1, "is_active": true, "cancellation_request": false, "total_paid": "1.00"}}, {"model": "club.cluborder", "pk": 5, "fields": {"placed_at": "2023-04-26T22:15:45.411Z", "payment_status": "P", "account": 1, "is_active": true, "cancellation_request": false, "total_paid": "1.00"}}, {"model": "club.cluborder", "pk": 6, "fields": {"placed_at": "2023-05-05T14:23:38.548Z", "payment_status": "P", "account": 1, "is_active": true, "cancellation_request": false, "total_paid": "1.00"}}, {"model": "club.cluborder", "pk": 7, "fields": {"placed_at": "2023-05-05T14:27:07.717Z", "payment_status": "P", "account": 1, "is_active": true, "cancellation_request": false, "total_paid": "1.00"}}, {"model": "club.cluborder", "pk": 8, "fields": {"placed_at": "2023-05-05T14:32:36.429Z", "payment_status": "P", "account": 1, "is_active": true, "cancellation_request": false, "total_paid": "1.00"}}, {"model": "club.cluborder", "pk": 9, "fields": {"placed_at": "2023-05-07T17:21:04.514Z", "payment_status": "P", "account": 1, "is_active": true, "cancellation_request": true, "total_paid": "22.50"}}, {"model": "club.cluborder", "pk": 10, "fields": {"placed_at": "2023-05-07T17:25:07.668Z", "payment_status": "P", "account": 1, "is_active": false, "cancellation_request": true, "total_paid": "150.00"}}, {"model": "club.cluborderitem", "pk": 1, "fields": {"club_order": 1, "showing_type": 13, "showing_id": 1, "ticket_type": "S", "quantity": 10}}, {"model": "club.cluborderitem", "pk": 2, "fields": {"club_order": 2, "showing_type": 13, "showing_id": 1, "ticket_type": "S", "quantity": 10}}, {"model": "club.cluborderitem", "pk": 3, "fields": {"club_order": 3, "showing_type": 13, "showing_id": 2, "ticket_type": "S", "quantity": 10}}, {"model": "club.cluborderitem", "pk": 4, "fields": {"club_order": 4, "showing_type": 13, "showing_id": 3, "ticket_type": "S", "quantity": 60}}, {"model": "club.cluborderitem", "pk": 5, "fields": {"club_order": 5, "showing_type": 13, "showing_id": 3, "ticket_type": "S", "quantity": 15}}, {"model": "club.cluborderitem", "pk": 6, "fields": {"club_order": 6, "showing_type": 13, "showing_id": 4, "ticket_type": "S", "quantity": 10}}, {"model": "club.cluborderitem", "pk": 7, "fields": {"club_order": 7, "showing_type": 13, "showing_id": 4, "ticket_type": "S", "quantity": 10}}, {"model": "club.cluborderitem", "pk": 8, "fields": {"club_order": 8, "showing_type": 13, "showing_id": 3, "ticket_type": "S", "quantity": 10}}, {"model": "club.cluborderitem", "pk": 9, "fields": {"club_order": 9, "showing_type": 13, "showing_id": 6, "ticket_type": "S", "quantity": 15}}, {"model": "club.cluborderitem", "pk": 10, "fields": {"club_order": 10, "showing_type": 13, "showing_id": 6, "ticket_type": "S", "quantity": 100}}, {"model": "club.clubordercancellationrequest", "pk": 1, "fields": {"cancellation_status": "A", "club_order": 1, "placed_at": "2023-05-07"}}, {"model": "club.clubordercancellationrequest", "pk": 2, "fields": {"cancellation_status": "A", "club_order": 10, "placed_at": "2023-05-07"}}, {"model": "club.clubordercancellationrequest", "pk": 3, "fields": {"cancellation_status": "P", "club_order": 9, "placed_at": "2023-05-07"}}, {"model": "club.clubbooking", "pk": "93a67b07-ed5e-405a-abfb-6709f23c4423", "fields": {"created_at": "2023-04-13T23:10:42.250Z"}}, {"model": "club.clubbooking", "pk": "f5bf39cd-03de-4754-9a94-85b3be171ee4", "fields": {"created_at": "2023-05-07T17:03:47.907Z"}}, {"model": "club.clubbookingitem", "pk": 5, "fields": {"club_booking": "93a67b07-ed5e-405a-abfb-6709f23c4423", "ticket_type": "S", "quantity": 30, "showing_type": 13, "showing_id": 3}}, {"model": "club.clubbookingitem", "pk": 9, "fields": {"club_booking": "f5bf39cd-03de-4754-9a94-85b3be171ee4", "ticket_type": "S", "quantity": 50, "showing_type": 13, "showing_id": 5}}, {"model": "accounts.statement", "pk": 20, "fields": {"name": "statement: test 5/2023"}}, {"model": "accounts.statement", "pk": 21, "fields": {"name": "statement: 5/2023"}}, {"model": "accounts.uweflixstatementitems", "pk": 139, "fields": {"statement": 20, "order_type": 14, "order_id": 8}}, {"model": "accounts.uweflixstatementitems", "pk": 140, "fields": {"statement": 20, "order_type": 14, "order_id": 9}}, {"model": "accounts.uweflixstatementitems", "pk": 141, "fields": {"statement": 20, "order_type": 14, "order_id": 10}}, {"model": "accounts.uweflixstatementitems", "pk": 142, "fields": {"statement": 20, "order_type": 14, "order_id": 11}}, {"model": "accounts.uweflixstatementitems", "pk": 143, "fields": {"statement": 20, "order_type": 14, "order_id": 12}}, {"model": "accounts.uweflixstatementitems", "pk": 144, "fields": {"statement": 20, "order_type": 14, "order_id": 13}}, {"model": "accounts.uweflixstatementitems", "pk": 145, "fields": {"statement": 20, "order_type": 14, "order_id": 14}}, {"model": "accounts.uweflixstatementitems", "pk": 146, "fields": {"statement": 20, "order_type": 14, "order_id": 15}}, {"model": "accounts.uweflixstatementitems", "pk": 147, "fields": {"statement": 20, "order_type": 14, "order_id": 16}}, {"model": "accounts.uweflixstatementitems", "pk": 148, "fields": {"statement": 20, "order_type": 14, "order_id": 17}}, {"model": "accounts.uweflixstatementitems", "pk": 149, "fields": {"statement": 20, "order_type": 14, "order_id": 18}}, {"model": "accounts.uweflixstatementitems", "pk": 150, "fields": {"statement": 20, "order_type": 14, "order_id": 19}}, {"model": "accounts.uweflixstatementitems", "pk": 151, "fields": {"statement": 20, "order_type": 14, "order_id": 20}}, {"model": "accounts.uweflixstatementitems", "pk": 152, "fields": {"statement": 20, "order_type": 14, "order_id": 21}}, {"model": "accounts.uweflixstatementitems", "pk": 153, "fields": {"statement": 20, "order_type": 14, "order_id": 22}}, {"model": "accounts.uweflixstatementitems", "pk": 154, "fields": {"statement": 20, "order_type": 14, "order_id": 23}}, {"model": "accounts.uweflixstatementitems", "pk": 155, "fields": {"statement": 21, "order_type": 14, "order_id": 8}}, {"model": "accounts.uweflixstatementitems", "pk": 156, "fields": {"statement": 21, "order_type": 14, "order_id": 9}}, {"model": "accounts.uweflixstatementitems", "pk": 157, "fields": {"statement": 21, "order_type": 14, "order_id": 10}}, {"model": "accounts.uweflixstatementitems", "pk": 158, "fields": {"statement": 21, "order_type": 14, "order_id": 11}}, {"model": "accounts.uweflixstatementitems", "pk": 159, "fields": {"statement": 21, "order_type": 14, "order_id": 12}}, {"model": "accounts.uweflixstatementitems", "pk": 160, "fields": {"statement": 21, "order_type": 14, "order_id": 13}}, {"model": "accounts.uweflixstatementitems", "pk": 161, "fields": {"statement": 21, "order_type": 14, "order_id": 14}}, {"model": "accounts.uweflixstatementitems", "pk": 162, "fields": {"statement": 21, "order_type": 14, "order_id": 15}}, {"model": "accounts.uweflixstatementitems", "pk": 163, "fields": {"statement": 21, "order_type": 14, "order_id": 16}}, {"model": "accounts.uweflixstatementitems", "pk": 164, "fields": {"statement": 21, "order_type": 14, "order_id": 17}}, {"model": "accounts.uweflixstatementitems", "pk": 165, "fields": {"statement": 21, "order_type": 14, "order_id": 18}}, {"model": "accounts.uweflixstatementitems", "pk": 166, "fields": {"statement": 21, "order_type": 14, "order_id": 19}}, {"model": "accounts.uweflixstatementitems", "pk": 167, "fields": {"statement": 21, "order_type": 14, "order_id": 20}}, {"model": "accounts.uweflixstatementitems", "pk": 168, "fields": {"statement": 21, "order_type": 14, "order_id": 21}}, {"model": "accounts.uweflixstatementitems", "pk": 169, "fields": {"statement": 21, "order_type": 14, "order_id": 22}}, {"model": "accounts.uweflixstatementitems", "pk": 170, "fields": {"statement": 21, "order_type": 14, "order_id": 23}}, {"model": "accounts.clubstatementitems", "pk": 17, "fields": {"statement": 20, "account_type": 24, "account_id": 1}}, {"model": "accounts.clubstatementitems", "pk": 18, "fields": {"statement": 21, "account_type": 24, "account_id": 1}}]